"President Joseph R. Biden, Jr. Approves Kentucky Disaster Declaration","March 31, 2021"
Statement by National Security Council Spokesperson Emily Horne on National Security Advisor Jake Sullivan’s Call with National Security Advisor Hermogenes Esperon of the Philippines,"March 31, 2021"
Remarks by President Biden on the American Jobs Plan,"March 31, 2021"
"Press Gaggle by Principal Deputy Press Secretary Karine Jean-Pierre Aboard Air Force One en route Pittsburgh, PA","March 31, 2021"
"A Proclamation on Second Chance Month, 2021","March 31, 2021"
"A Proclamation on National Cancer Control Month, 2021","March 31, 2021"
"A Proclamation on National Donate Life Month, 2021","March 31, 2021"
"A Proclamation on National Child Abuse Prevention Month, 2021","March 31, 2021"
Press Briefing by White House COVID-19 Response Team and Public Health Officials,"March 31, 2021"
"A Proclamation on Transgender Day Of Visibility, 2021","March 31, 2021"
"A Proclamation on César Chávez Day, 2021","March 31, 2021"
Background Press Call by a Senior Administration Official on the President’s American Jobs Plan,"March 31, 2021"
FACT SHEET: The American Jobs Plan,"March 31, 2021"
Statement by National Security Council Spokesperson Emily Horne on the U.S.-Japan-Republic of Korea Trilateral National Security Advisors’ Dialogue,"March 30, 2021"
Readout of Vice President Kamala Harris Call with President Alejandro Giammattei of Guatemala,"March 30, 2021"
"Press Briefing by Press Secretary Jen Psaki, March 30, 2021","March 30, 2021"
"FACT SHEET: President Biden Announces Additional Actions to Respond to Anti-Asian Violence, Xenophobia and Bias","March 30, 2021"
President Biden Announces Intent to Nominate 11 Judicial Candidates,"March 30, 2021"
Remarks by President Biden on the COVID-19 Response and the State of Vaccinations,"March 29, 2021"
Statement by NSC Spokesperson Emily Horne on National Security Advisor Jake Sullivan’s Call with Head of Presidential Office Andriy Yermak of Ukraine,"March 29, 2021"
"Press Briefing by Press Secretary Jen Psaki, March 29, 2021","March 29, 2021"
FACT SHEET: President Biden Announces 90% of the Adult U.S. Population will be Eligible for Vaccination and 90% will have a Vaccination Site Within 5 Miles of Home by April 19,"March 29, 2021"
Press Briefing by White House COVID-19 Response Team and Public Health Officials,"March 29, 2021"
Letter to the Speaker of the House and the President of the Senate on the Continuation of the National Emergency With Respect to South Sudan,"March 29, 2021"
Notice on the Continuation of the National Emergency with Respect to Significant Malicious Cyber-Enabled Activities,"March 29, 2021"
FACT SHEET: Biden Administration Jumpstarts Offshore Wind Energy Projects to Create Jobs,"March 29, 2021"
White House Announces Environmental Justice Advisory Council Members,"March 29, 2021"
Approaching Policy with Equity in Mind,"March 29, 2021"
FACT SHEET: The Biden-Harris Administration’s Multi-Agency Effort to Support Renters and Landlords,"March 29, 2021"
Remarks by President Biden Before Air Force One Departure,"March 28, 2021"
"President Joseph R. Biden, Jr. Approves Disaster Declaration for the Poarch Band of Creek Indians","March 28, 2021"
Bill Signing: H.R. 1651,"March 27, 2021"
"Readout of President Joseph R. Biden, Jr. Call with Prime Minister Boris Johnson of the United Kingdom","March 26, 2021"
Remarks by President Biden Before Marine One Departure,"March 26, 2021"
"Press Briefing by Press Secretary Jen Psaki, March 26, 2021","March 26, 2021"
President Biden Invites 40 World Leaders to Leaders Summit on Climate,"March 26, 2021"
Statement from the President on Passover,"March 26, 2021"
Statement by President Biden on the Attack on the Right to Vote in Georgia,"March 26, 2021"
President Biden Announces his Intent to Nominate Key Members for the Department of State,"March 26, 2021"
Press Briefing by White House COVID-19 Response Team and Public Health Officials,"March 26, 2021"
"Readout of President Joseph R. Biden, Jr. Call with Prime Minister Kyriakos Mitsotakis of Greece","March 25, 2021"
Statement by NSC Spokesperson Emily Horne on Senior Administration Official Travel to Mexico,"March 25, 2021"
Remarks by President Biden in Press Conference,"March 25, 2021"
Withdrawal Sent to the Senate,"March 25, 2021"
Nominations Sent to the Senate,"March 25, 2021"
FACT SHEET: Biden Administration Announces Historic $10 Billion Investment to Expand Access to COVID-19 Vaccines and Build Vaccine Confidence in Hardest-Hit and Highest-Risk Communities,"March 25, 2021"
Remarks by President Biden at an Event to Mark Equal Pay Day,"March 24, 2021"
"Press Briefing by Press Secretary Jen Psaki, Chair of the Council of Economic Advisers Cecilia Rouse, and Member of the Council of Economic Advisers Heather Boushey, March 24, 2021","March 24, 2021"
Remarks by President Biden and Vice President Harris in a Meeting on Immigration,"March 24, 2021"
Nominations Sent to the Senate,"March 24, 2021"
Press Briefing by White House COVID-19 Response Team and Public Health Officials,"March 24, 2021"
President Biden Announces his Intent to Nominate Adrianne Todman as Deputy Secretary for Housing and Urban Development,"March 24, 2021"
Bill Signing: H.R. 1276,"March 24, 2021"
Remarks by President Biden After Marine One Arrival,"March 24, 2021"
COVID-19 has exacerbated the economic inequality and caregiving crisis facing women of color. Here’s how the American Rescue Plan helps.,"March 23, 2021"
Remarks by President Biden on the Anniversary of the Affordable Care Act,"March 23, 2021"
Remarks by President Biden During Tour of Radiation Oncology Department,"March 23, 2021"
"Press Gaggle by Press Secretary Jen Psaki Aboard Air Force One en route Columbus, Ohio","March 23, 2021"
"A Proclamation on Education and Sharing Day, USA, 2021","March 23, 2021"
"Remarks by President Biden on the Shooting in Boulder, Colorado","March 23, 2021"
President Biden to Meet Virtually with EU Leaders at European Council Summit,"March 23, 2021"
"A Proclamation Honoring the Victims of the Tragedy in Boulder, Colorado","March 23, 2021"
Bill Signing: S. 579,"March 23, 2021"
Readout of the White House’s Meeting with Oil and Gas Company Leadership,"March 22, 2021"
Statement by NSC Spokesperson Emily Horne on National Security Advisor Jake Sullivan and National Economic Council Director Brian Deese’s Small and Less Populous Island Economies (SALPIE) Initiative Launch Event,"March 22, 2021"
"President Joseph R. Biden, Jr. Amends Commonwealth of the Northern Mariana Islands Disaster Declaration","March 22, 2021"
President Biden Announces his Intent to Nominate Lina Khan for Commissioner of the Federal Trade Commission,"March 22, 2021"
Press Briefing by White House COVID-19 Response Team and Public Health Officials,"March 22, 2021"
Statement by NSC Spokesperson Emily Horne on Senior Administration Official Travel to Mexico and Guatemala,"March 22, 2021"
"A Proclamation on National Agriculture Day, 2021","March 22, 2021"
"President Joseph R. Biden, Jr. Amends Territory of Guam Disaster Declaration","March 22, 2021"
Remarks by President Biden After Marine One Arrival,"March 21, 2021"
Fact Sheet: U.S. Efforts to Combat Systemic Racism,"March 21, 2021"
Statement from President Biden Marking Nowruz,"March 20, 2021"
"A Proclamation on National Poison Prevention Week, 2021","March 19, 2021"
Remarks by President Biden at Emory University,"March 19, 2021"
Remarks by President Biden and Vice President Harris During a Briefing at the Centers for Disease Control and Prevention,"March 19, 2021"
Press Briefing by White House COVID-19 Response Team and Public Health Officials,"March 19, 2021"
"Press Gaggle by Principal Deputy Press Secretary Karine Jean-Pierre Aboard Air Force One En Route Atlanta, Georgia","March 19, 2021"
"President Biden Announces his Intent to Nominate Assistant Secretary for Preparedness and Response, Department of Health and Human Services","March 19, 2021"
President Biden Announces his Intent to Nominate Bill Nelson for the National Aeronautics and Space Administration,"March 19, 2021"
Readout of the First Principals Committee Meeting on Advancing Equity,"March 18, 2021"
Statement by President Biden on the Farm Workforce Modernization Act of 2021,"March 18, 2021"
Statement by President Biden on the American Dream and Promise Act of 2021,"March 18, 2021"
President Biden Hosts Virtual Gathering of UN Security Council Permanent Representatives,"March 18, 2021"
Remarks by President Biden on the 100 Million Shot Goal,"March 18, 2021"
"Press Briefing by Press Secretary Jen Psaki and Secretary of Housing and Urban Development Marcia L. Fudge, March 18, 2021","March 18, 2021"
Readout of the Second National Climate Task Force Meeting,"March 18, 2021"
Statement by President Biden Applauding House Passage of Paycheck Protection Program Extension,"March 17, 2021"
Statement on the House of Representatives Passage of House Joint Resolution 17,"March 17, 2021"
Statement by President Biden on the Passage of the Violence Against Women Reauthorization Act of 2021 in the House of Representatives,"March 17, 2021"
"Press Briefing by Press Secretary Jen Psaki and Secretary of Education Miguel Cardona, March 17, 2021","March 17, 2021"
Readout of Vice President Kamala Harris Meeting with First Minister Arlene Foster and Deputy First Minister Michelle O’Neill of Northern Ireland,"March 17, 2021"
Nominations Sent to the Senate,"March 17, 2021"
Press Briefing by White House COVID-19 Response Team and Public Health Officials,"March 17, 2021"
Remarks by President Biden and Prime Minister Martin of Ireland Before Virtual Bilateral Meeting,"March 17, 2021"
Statement by NSC Spokesperson Emily Horne on National Security Advisor Jake Sullivan’s Call with NATO Secretary General Jens Stoltenberg,"March 17, 2021"
Statements by Press Secretary Jen Psaki & Deputy National Security Advisor for Cyber Anne Neuberger on Microsoft Exchange Vulnerabilities UCG,"March 17, 2021"
Background Press Call by Senior Administration Officials on President Biden’s Upcoming Virtual Bilateral with Ireland,"March 17, 2021"
Fact Sheet: The United States-Ireland Partnership,"March 17, 2021"
Remarks by President Biden During Visit to Smith Flooring Inc.,"March 16, 2021"
"Press Gaggle by Press Secretary Jen Psaki Aboard Air Force One En Route Chester, PA","March 16, 2021"
Nominations Sent to the Senate,"March 16, 2021"
"Statement by NSC Spokesperson Emily Horne on National Security Advisor Jake Sullivan’s Call with Counterparts from France, Germany, and the United Kingdom","March 16, 2021"
"Press Briefing by Press Secretary Jen Psaki, March 15, 2021","March 15, 2021"
Nominations Sent to the Senate,"March 15, 2021"
President Biden Announces his Intent to Nominate Key Members of his Administration,"March 15, 2021"
Press Briefing by White House COVID-19 Response Team and Public Health Officials,"March 15, 2021"
"Press Briefing by Press Secretary Jen Psaki and National Security Advisor Jake Sullivan, March 12, 2021","March 12, 2021"
Background Press Call by Senior Administration Officials on the Administration’s Response to the Microsoft and SolarWinds Intrusions,"March 12, 2021"
Remarks by President Biden on the American Rescue Plan,"March 12, 2021"
"Statement by White House Press Secretary Jen Psaki on the Virtual Bilateral Meeting between President Joe Biden and Micheál Martin, Taoiseach of Ireland","March 12, 2021"
President Biden Announces Rose Vela as Director of the President’s Commission on White House Fellowships,"March 12, 2021"
The White House Gender Policy Council: A Message from the Co-Chairs,"March 12, 2021"
Fact Sheet: Quad Summit,"March 12, 2021"
"Remarks by President Biden, Prime Minister Modi of India, Prime Minister Morrison of Australia, and Prime Minister Suga of Japan in the Virtual Quad Leaders Summit","March 12, 2021"
Quad Leaders’ Joint Statement: “The Spirit of the Quad”,"March 12, 2021"
Fact Sheet: President Biden Expands Efforts to Recruit More Vaccinators,"March 12, 2021"
Remarks by President Biden on the Anniversary of the COVID-19 Shutdown,"March 11, 2021"
"Press Briefing by Press Secretary Jen Psaki, March 11, 2021","March 11, 2021"
President Biden Announces Intent to Nominate Key Role for the Department of Health and Human Services,"March 11, 2021"
Bill Signing: H.R. 1319,"March 11, 2021"
Readout from NSC Spokesperson Emily Horne on National Security Advisor Jake Sullivan Leading the First Virtual Meeting of the U.S.-Israel Strategic Consultative Group,"March 11, 2021"
President Biden Announces Intent to Nominate Key Roles for the Department of Treasury,"March 11, 2021"
Joint Message on the Passing of 10 Years Since the Great East Japan Earthquake,"March 11, 2021"
Remarks by President Biden at Event with the CEOs of Johnson & Johnson and Merck,"March 10, 2021"
"Press Briefing by Press Secretary Jen Psaki and Special Assistant to the President and Coordinator for the Southern Border Ambassador Roberta Jacobson, March 10, 2021","March 10, 2021"
Statement by NSC Spokesperson Emily Horne on National Security Advisor Jake Sullivan’s Call with Colombian Minister of Defense Diego Molano and Chief of Staff to the President of Colombia Maria Paula Correa,"March 10, 2021"
Statement by President Joe Biden on the House Passage of the American Rescue Plan,"March 10, 2021"
Statement by NSC Spokesperson Emily Horne on National Security Advisor Jake Sullivan Leading the First Virtual Meeting of the U.S.-Israel Strategic Consultative Group,"March 10, 2021"
"Press Briefing by Press Secretary Jen Psaki and Deputy Director of the National Economic Council Bharat Ramamurti, March 9, 2021","March 09, 2021"
Readout of the White House’s Meeting with Climate Finance Leaders,"March 09, 2021"
Readout of Vice President Kamala Harris Call with Prime Minister Erna Solberg of Norway,"March 09, 2021"
Nomination Sent to the Senate,"March 09, 2021"
President Biden Announces Key Hire for the Office of Management and Budget,"March 09, 2021"
Remarks by President Biden During Tour of W.S. Jenks & Son,"March 09, 2021"
White House Announces Additional Staff,"March 09, 2021"
Statement by Press Secretary Jen Psaki on the 14th Anniversary of the Abduction of Robert Levinson,"March 09, 2021"
Statement by President Biden on the Introduction of the Violence Against Women Reauthorization Act of 2021,"March 08, 2021"
Background Press Call by Senior Administration Officials on Venezuela,"March 08, 2021"
Remarks by President Biden on International Women’s Day,"March 08, 2021"
"Press Briefing by Press Secretary Jen Psaki, Co-Chair of the Gender Policy Council and Chief of Staff to the First Lady Julissa Reynoso, and Co-Chair and Executive Director of the Gender Policy Council Jennifer Klein, March 8, 2021","March 08, 2021"
Remarks by Vice President Harris at National League of Cities Conference,"March 08, 2021"
U.S. Department of Homeland Security: Secretary Mayorkas Designates Venezuela for Temporary Protected Status for 18 Months,"March 08, 2021"
"Executive Order on Guaranteeing an Educational Environment Free from Discrimination on the Basis of Sex, Including Sexual Orientation or Gender Identity","March 08, 2021"
Statement by President Biden on International Women’s Day,"March 08, 2021"
"Statement by President Joseph R. Biden, Jr. on First-Ever Papal Visit to Iraq","March 08, 2021"
Fact Sheet: President Biden to Sign Executive Orders Establishing the White House Gender Policy Council and Ensuring Education Free from Sexual Violence,"March 08, 2021"
Pre-Taped Remarks by Vice President Kamala Harris As Delivered to Brown Chapel AME Church,"March 07, 2021"
Readout of Visit to the Border Region by Senior Administration Officials,"March 07, 2021"
Executive Order on Promoting Access to Voting,"March 07, 2021"
Fact Sheet: President Biden to Sign Executive Order to Promote Voting Access,"March 07, 2021"
Statement by Press Secretary Jen Psaki,"March 05, 2021"
Fact Sheet: The U.S. Response to Ebola Outbreaks in West and East Africa,"March 05, 2021"
Remarks by President Biden in a Roundtable on the American Rescue Plan,"March 05, 2021"
"Press Briefing by Press Secretary Jen Psaki, March 5, 2021","March 05, 2021"
Letter to the Speaker of the House and the President of the Senate on the Continuation of the National Emergency With Respect to Iran,"March 05, 2021"
Notice on the Continuation of the National Emergency with Respect to Iran,"March 05, 2021"
Remarks by President Biden Before Economic Briefing with Treasury Secretary Yellen,"March 05, 2021"
Press Briefing by White House COVID-19 Response Team and Public Health Officials,"March 05, 2021"
White House Announces Additional Policy Staff,"March 05, 2021"
"Readout of President Joseph R. Biden, Jr. Call with President Alejandro Giammattei Falla of Guatemala","March 04, 2021"
Remarks by President Biden in a Call to Congratulate the NASA JPL Perseverance Team on the Successful Mars Landing,"March 04, 2021"
Readout of the White House’s Listening Session with Asian American and Pacific Islander Leaders on Rising Hate Crimes and Incidents Against Asian American Communities,"March 04, 2021"
Readout of Vice President Kamala Harris Call with Prime Minister Benjamin Netanyahu of Israel,"March 04, 2021"
"President Joseph R. Biden, Jr. Approves Idaho Disaster Declaration","March 04, 2021"
"Press Briefing by Press Secretary Jen Psaki and Secretary of Veterans Affairs Denis McDonough, March 4, 2021","March 04, 2021"
"Readout of President Biden, Vice President Harris, and Secretary Buttigieg’s Meeting with House Members on Infrastructure","March 04, 2021"
"President Joseph R. Biden, Jr. Approves North Carolina Disaster Declaration","March 04, 2021"
"President Joseph R. Biden, Jr. Amends Cahuilla Band of Indians Disaster Declaration","March 04, 2021"
Statement by President Joe Biden on the House of Representatives Passage of H.R. 1,"March 04, 2021"
"President Joseph R. Biden, Jr. Amends La Jolla Band of Luiseño Indians Disaster Declaration","March 03, 2021"
Remarks by President Biden at the House Democratic Caucus Virtual Issues Conference,"March 03, 2021"
"Press Briefing by Press Secretary Jen Psaki, March 3, 2021","March 03, 2021"
A Letter on the Continuation of the National Emergency with Respect to Zimbabwe,"March 03, 2021"
"Readout of President Joseph R. Biden, Jr. and Vice President Kamala D. Harris Meeting with Members of Congress on Cancer Research","March 03, 2021"
Interim National Security Strategic Guidance,"March 03, 2021"
A Letter on the Annual Report on the Legal and Policy Frameworks for the United States’ Use of Military Force and Related National Security Operations,"March 03, 2021"
President Biden Announces Key Nominee for the Small Business Administration,"March 03, 2021"
Notice on the Continuation of the National Emergency with Respect to Zimbabwe,"March 03, 2021"
Press Briefing by White House COVID-19 Response Team and Public Health Officials,"March 03, 2021"
A Letter on the Continuation of the National Emergency with Respect to Ukraine,"March 03, 2021"
Notice on the Continuation of the National Emergency with Respect to Ukraine,"March 03, 2021"
A Letter on the Continuation of the National Emergency with Respect to Venezuela,"March 03, 2021"
Statement of President Joe Biden on the Passing of Vernon Jordan,"March 02, 2021"
Readout of the White House’s Meeting with Electric Vehicle Charging Infrastructure Leaders,"March 02, 2021"
Readout of Vice President Kamala Harris Call with Prime Minister Scott Morrison of Australia,"March 02, 2021"
Statement by President Joe Biden and Nominee for Director of the Office of Management Neera Tanden,"March 02, 2021"
Remarks by President Biden on the Administration’s COVID-19 Vaccination Efforts,"March 02, 2021"
"Readout of President Joseph R. Biden, Jr. Call with Senate Democratic Caucus","March 02, 2021"
"Press Briefing by Press Secretary Jen Psaki, March 2, 2021","March 02, 2021"
"Statement by NSC Spokesperson Emily Horne on National Security Advisor Jake Sullivan’s Call with Luigi Mattiolo, Diplomatic Advisor to the Italian Prime Minister","March 02, 2021"
Remarks by President Biden and President López Obrador of Mexico Before Virtual Bilateral Meeting,"March 01, 2021"
Press Briefing by Press Secretary Jen Psaki and Secretary of Homeland Security Alejandro Mayorkas,"March 01, 2021"
"A Proclamation on National Consumer Protection Week, 2021","March 01, 2021"
"A Proclamation on Women’s History Month, 2021","March 01, 2021"
"A Proclamation on American Red Cross Month, 2021","March 01, 2021"
"A Proclamation on National Colorectal Cancer Awareness Month, 2021","March 01, 2021"
"A Proclamation on Read Across America Day, 2021","March 01, 2021"
"A Proclamation on Irish-American Heritage Month, 2021","March 01, 2021"
Statement by National Security Advisor Jake Sullivan on Violence Against Peaceful Demonstrations in Burma,"February 28, 2021"
Statement by President Joe Biden on Emergency Use Authorization of the Johnson & Johnson COVID-19 Vaccine,"February 27, 2021"
A Letter to the Speaker of the House and President pro tempore of the Senate Consistent with the War Powers Resolution,"February 27, 2021"
Remarks by President Biden on the American Rescue Plan,"February 27, 2021"
Statement by White House Press Secretary Jen Psaki on the Bilateral Virtual Meeting Between President Joe Biden and President Andrés Manuel López Obrador,"February 26, 2021"
Readout of the White House’s First Interagency Working Group on Coal and Power Plant Communities and Economic Revitalization,"February 26, 2021"
Press Gaggle by Press Secretary Jen Psaki and Homeland Security Advisor and Deputy National Security Advisor Dr. Elizabeth Sherwood-Randall,"February 26, 2021"
Readout of Vice President Kamala Harris Call with President Felix Tshisekedi of the Democratic Republic of the Congo,"February 26, 2021"
A Return to Science: Evidence-Based Estimates of the Benefits of Reducing Climate Pollution,"February 26, 2021"
Press Briefing by White House COVID-19 Response Team and Public Health Officials,"February 26, 2021"
FACT SHEET: 441 Federally-Supported Community Vaccination Centers in First Month of Biden-Harris Administration,"February 26, 2021"
Statement by President Biden on the Anniversary of Russia’s Illegal Invasion of Ukraine,"February 26, 2021"
Remarks by President Biden at a FEMA COVID-19 Vaccination Facility,"February 26, 2021"
"Readout of President Joseph R. Biden, Jr. Call with President Uhuru Kenyatta of Kenya","February 25, 2021"
Statement by Press Secretary Jen Psaki,"February 25, 2021"
Remarks by President Biden at the National Governors Association’s Winter Meeting,"February 25, 2021"
"Press Briefing by Press Secretary Jen Psaki, February 25, 2021","February 25, 2021"
Readout of the White House’s Meeting with Automakers and Labor Leaders,"February 24, 2021"
Remarks by President Biden at Signing of an Executive Order on Supply Chains,"February 24, 2021"
"Press Briefing by Press Secretary Jen Psaki, Deputy Director of the National Economic Council Sameera Fazili, and Senior Director for International Economics and Competitiveness Peter Harrell, February 24, 2021","February 24, 2021"
A Proclamation on Revoking Proclamation 10014,"February 24, 2021"
Executive Order on the Revocation of Certain Presidential Actions,"February 24, 2021"
Executive Order on America’s Supply Chains,"February 24, 2021"
A Letter on the Continuation of the National Emergency with Respect to Cuba and of the Emergency Authority Relating to the Regulation of the Anchorage and Movement of Vessels,"February 24, 2021"
A Letter on the Continuation of the National Emergency Concerning the Coronavirus Disease 2019 (COVID-19) Pandemic,"February 24, 2021"
Notice on the Continuation of the National Emergency Concerning the Coronavirus Disease 2019 (COVID-19) Pandemic,"February 24, 2021"
Nomination Sent to the Senate,"February 24, 2021"
Press Briefing by White House COVID-19 Response Team and Public Health Officials,"February 24, 2021"
FACT SHEET: President Biden Announces New Actions to Deliver Masks to Communities Hit Hard by the Pandemic,"February 24, 2021"
FACT SHEET: Securing America’s Critical Supply Chains,"February 24, 2021"
President Biden Announces Nominees for the United States Postal Service Board of Governors,"February 24, 2021"
"President Joseph R. Biden, Jr. Approves Oklahoma Disaster Declaration","February 24, 2021"
Remarks by President Biden and Prime Minister Trudeau of Canada in Joint Press Statements,"February 23, 2021"
Remarks by President Biden and Prime Minister Trudeau of Canada Before Virtual Bilateral Meeting,"February 23, 2021"
Remarks by President Biden in Roundtable with Black Essential Workers Moderated by Domestic Policy Advisor Susan Rice,"February 23, 2021"
"Press Briefing by Press Secretary Jen Psaki, February 23, 2021","February 23, 2021"
President Biden Announces Key Nominee for the Office of Personnel Management,"February 23, 2021"
FACT SHEET: The United States-Canada Partnership,"February 23, 2021"
"Remarks by President Biden on the More Than 500,000 American Lives Lost to COVID-19","February 22, 2021"
Press Briefing by White House COVID-19 Response Team and Public Health Officials,"February 22, 2021"
Nominations Sent to the Senate,"February 22, 2021"
"President Joseph R. Biden, Jr. Amends Louisiana Disaster Declaration","February 22, 2021"
Remarks by President Biden on Helping Small Businesses,"February 22, 2021"
"FACT SHEET: Biden-Harris Administration Increases Lending to Small Businesses in Need, Announces Changes to PPP to Further Promote Equitable Access to Relief","February 22, 2021"
Statement by White House Press Secretary Jen Psaki on the Bilateral Virtual Meeting between President Joe Biden and Prime Minister Justin Trudeau,"February 20, 2021"
"President Joseph R. Biden, Jr. Approves Texas Disaster Declaration","February 20, 2021"
"Statement by NSC Spokesperson Emily Horne on National Security Advisor Jake Sullivan’s Call with Jean-Charles Ellermann-Kingombe, Permanent Under-Secretary of State at the Danish Prime Minister’s Office","February 19, 2021"
"Statement by President Joseph R. Biden, Jr. on the Day of Remembrance of Japanese American Internment","February 19, 2021"
"Press Gaggle by Press Secretary Jen Psaki Aboard Air Force One En Route Kalamazoo, MI","February 19, 2021"
Press Briefing by White House COVID-19 Response Team and Public Health Officials,"February 19, 2021"
Remarks by President Biden at the 2021 Virtual Munich Security Conference,"February 19, 2021"
"President Biden Announces Key Nominees of his Health and Human Service, Education, and Veteran Affairs Teams","February 19, 2021"
"Statement by President Joseph R. Biden, Jr. on the Introduction of the Equality Act in Congress","February 19, 2021"
"Readout of President Joseph R. Biden, Jr. Call with Governor Greg Abbott of Texas","February 18, 2021"
Readout of the White House’s Meeting with Young Community Violence Prevention Advocates,"February 18, 2021"
Fact Sheet: President Biden to Take Action on Global Health through Support of COVAX and Calling for Health Security Financing,"February 18, 2021"
"Press Briefing by Press Secretary Jen Psaki and Homeland Security Advisor Dr. Elizabeth Sherwood-Randall, February 18, 2021","February 18, 2021"
Statement by NSC Spokesperson Emily Horne on National Security Advisor Jake Sullivan’s Call with Chancellor Sebastian Kurz of Austria,"February 18, 2021"
Statement by NSC Spokesperson Emily Horne on National Security Advisor Jake Sullivan’s Call with Foreign Minister Vivian Balakrishnan of Singapore,"February 18, 2021"
"President Joseph R. Biden, Jr. Approves Oklahoma Emergency Declaration","February 18, 2021"
Readout of the White House’s Meeting with Community Violence Prevention Experts,"February 17, 2021"
"Statement by NSC Spokesperson Emily Horne on National Security Advisor Jake Sullivan’s Call with Stephen Lovegrove, Incoming National Security Advisor to the Prime Minister of the United Kingdom","February 17, 2021"
Statement by NSC Spokesperson Emily Horne on National Security Advisor Jake Sullivan Call with National Security Advisor Hermogenes Esperon of the Philippines,"February 17, 2021"
Readout of Labor Leaders Meeting to Discuss the American Rescue Plan and Infrastructure,"February 17, 2021"
Remarks by President Biden Before Meeting with Labor Leaders to Discuss the American Rescue Plan and Infrastructure,"February 17, 2021"
"Press Briefing by Press Secretary Jen Psaki and Deputy National Security Advisor for Cyber and Emerging Technology Anne Neuberger, February 17, 2021","February 17, 2021"
"Readout of President Joseph R. Biden, Jr. Call with Prime Minister Benjamin Netanyahu of Israel","February 17, 2021"
"President Joseph R. Biden, Jr. Approves Alaska Disaster Declaration","February 17, 2021"
Press Briefing by White House COVID-19 Response Team and Public Health Officials,"February 17, 2021"
Fact Sheet: Biden Administration to Take Steps to Bolster Registered Apprenticeships,"February 17, 2021"
President Biden Announces Key Nomination on Jobs Team,"February 17, 2021"
Fact Sheet: President Biden Announces New Actions to Expand and Improve COVID-19 Testing,"February 17, 2021"
"Statement by NSC Spokesperson Emily Horne on National Security Advisor Jake Sullivan’s Call with Geoffrey van Leeuwen, Foreign Affairs and Defense Advisor to the Prime Minister of the Netherlands","February 16, 2021"
Statement by White House Press Secretary Jen Psaki on Cases of Ebola,"February 16, 2021"
The MPP Program and Border Security Joint Statement by Assistant to the President and National Security Advisor Jake Sullivan and Assistant to the President and Homeland Security Advisor Dr. Elizabeth Sherwood-Randall,"February 16, 2021"
Fact Sheet: Biden Administration Announces Extension of COVID-19 Forbearance and Foreclosure Protections for Homeowners,"February 16, 2021"
Readout of Vice President Kamala Harris Call with President Emmanuel Macron of France,"February 15, 2021"
Statement by President Joe Biden on the 2021 Special Health Insurance Enrollment Period Through HealthCare.gov,"February 15, 2021"
"President Joseph R. Biden, Jr. Approves Texas Emergency Declaration","February 14, 2021"
Executive Order on the Establishment of the White House Office of Faith-Based and Neighborhood Partnerships,"February 14, 2021"
Statement by President Joe Biden on the Senate Vote in the Trial of Donald Trump,"February 13, 2021"
Nominations Sent to the Senate,"February 13, 2021"
Statement by National Security Advisor Jake Sullivan,"February 13, 2021"
Statement of President Joe Biden on Safely Reopening Schools,"February 12, 2021"
"Press Briefing by Press Secretary Jen Psaki, Detroit Mayor Mike Duggan, and Miami Mayor Francis Suarez, February 12, 2021","February 12, 2021"
Remarks by President Biden Before Meeting With Bipartisan Group of Governors and Mayors to Discuss the Vital Need to Pass the American Rescue Plan,"February 12, 2021"
Remarks by President Biden to National Institutes of Health Staff,"February 11, 2021"
Remarks by President Biden During Tour of the Viral Pathogenesis Laboratory,"February 11, 2021"
"Press Briefing by Press Secretary Jen Psaki, February 11, 2021","February 11, 2021"
Biden-Harris Administration Launches American Innovation Effort to Create Jobs and Tackle the Climate Crisis,"February 11, 2021"
Readout of the First National Climate Task Force Meeting,"February 11, 2021"
FACT SHEET: Biden-Harris Administration Actions in Response to the Coup in Burma,"February 11, 2021"
Remarks by President Biden Before Meeting with Senators on the Critical Need to Invest in Modern and Sustainable American Infrastrucutre,"February 11, 2021"
"Readout of President Biden, Vice President Harris, and Secretary Buttigieg’s Meeting with Senators on Infrastructure","February 11, 2021"
A Letter to the Speaker Of The House And President Of The Senate Regarding the Termination of the National Emergency Concerning the Southern Border,"February 11, 2021"
A Letter to the Speaker of the House of Representatives and the President of the Senate,"February 11, 2021"
Readout of the White House’s Meeting with Gun Violence Prevention Advocacy Groups,"February 10, 2021"
Remarks by President Biden to Department of Defense Personnel,"February 10, 2021"
Remarks by President Biden on the Administration’s Response to the Coup in Burma,"February 10, 2021"
"Press Briefing by Press Secretary Jen Psaki, February 10, 2021","February 10, 2021"
Press Briefing by White House COVID-19 Response Team and Public Health Officials,"February 10, 2021"
President Biden Announces Additional Members of His Energy and Jobs Team,"February 10, 2021"
President Biden Announces Members of the Biden-Harris Administration COVID-19 Health Equity Task Force,"February 10, 2021"
"Press Briefing by Press Secretary Jen Psaki, February 9, 2021","February 09, 2021"
"FACT SHEET: President Biden Announces Community Health Centers Vaccination Program to Launch Next Week and Another Increase in States, Tribes, & Territories’ Vaccine Supply","February 09, 2021"
Statement by NSC Spokesperson Emily Horne on National Security Advisor Jake Sullivan’s Call with Secretary General Natthaphon Narkphanit of the Thai National Security Council,"February 08, 2021"
Press Briefing by White House COVID-19 Response Team and Public Health Officials,"February 08, 2021"
"Remarks by President Biden and Vice President Harris During Tour of the State Farm Stadium Vaccination Site in Glendale, Arizona","February 08, 2021"
"Press Briefing by Press Secretary Jen Psaki, February 8, 2021","February 08, 2021"
"Readout of President Joseph R. Biden, Jr. Call with Prime Minister Narendra Modi of India","February 08, 2021"
Statement of President Joe Biden on the Passing of Former Secretary George Shultz,"February 07, 2021"
"Press Briefing by Press Secretary Jen Psaki and Council of Economic Advisers Member Jared Bernstein, February 5, 2021","February 05, 2021"
The Employment Situation in January,"February 05, 2021"
"Memorandum on Advancing the Human Rights of Lesbian, Gay, Bisexual, Transgender, Queer, and Intersex Persons Around the World","February 04, 2021"
Memorandum on Renewing the National Security Council System,"February 04, 2021"
"Memorandum on Revitalizing America’s Foreign Policy and National Security Workforce, Institutions, and Partnerships","February 04, 2021"
Executive Order on Rebuilding and Enhancing Programs to Resettle Refugees and Planning for the Impact of Climate Change on Migration,"February 04, 2021"
Remarks by President Biden on America’s Place in the World,"February 04, 2021"
Statement by NSC Spokesperson Emily Horne on National Security Advisor Jake Sullivan’s Call with ASEAN Ambassadors,"February 04, 2021"
"Press Briefing by Press Secretary Jen Psaki and National Security Advisor Jake Sullivan, February 4, 2021","February 04, 2021"
Nomination Sent to the Senate,"February 04, 2021"
"President Joseph R. Biden, Jr. Approves Washington Disaster Declaration","February 04, 2021"
"President Joseph R. Biden, Jr. Approves Maryland Disaster Declaration","February 04, 2021"
"Readout of President Joseph R. Biden, Jr. Call with Prime Minister Scott Morrison of Australia","February 03, 2021"
"Readout of President Joseph R. Biden, Jr. Call with President Moon Jae-in of the Republic of Korea","February 03, 2021"
"Press Briefing by Press Secretary Jen Psaki, February 3, 2021","February 03, 2021"
Nominations Sent to the Senate,"February 03, 2021"
"A Proclamation on National Teen Dating Violence Awareness and Prevention Month, 2021","February 03, 2021"
Statement by NSC Spokesperson Emily Horne on National Security Advisor Jake Sullivan’s Call with Senior Polish Officials,"February 03, 2021"
President Joseph R. Biden Approves the Navajo Nation Disaster Declaration,"February 03, 2021"
Press Briefing by White House COVID-19 Response Team and Public Health Officials,"February 03, 2021"
The Economics of the American Rescue Plan,"February 03, 2021"
Remarks by President Biden at Signing of Executive Orders Advancing His Priority to Modernize Our Immigration System,"February 02, 2021"
"Press Briefing by Press Secretary Jen Psaki, February 2, 2021","February 02, 2021"
Executive Order on the Establishment of Interagency Task Force on the Reunification of Families,"February 02, 2021"
"Executive Order on Creating a Comprehensive Regional Framework to Address the Causes of Migration, to Manage Migration Throughout North and Central America, and to Provide Safe and Orderly Processing of Asylum Seekers at the United States Border","February 02, 2021"
"Statement by NSC Spokesperson Emily Horne on National Security Advisor Jake Sullivan’s Call with Ibrahim Kalin, Spokesperson and Chief Advisor to the President of Turkey","February 02, 2021"
Memorandum on Maximizing Assistance from the Federal Emergency Management Agency,"February 02, 2021"
"FACT SHEET: President Biden Announces Increased Vaccine Supply, Initial Launch of the Federal Retail Pharmacy Program, and Expansion of FEMA Reimbursement to States","February 02, 2021"
"FACT SHEET: President Biden Outlines Steps to Reform Our Immigration System by Keeping Families Together, Addressing the Root Causes of Irregular Migration, and Streamlining the Legal Immigration System","February 02, 2021"
A Proclamation on Adjusting Imports of Aluminum Into the United States,"February 01, 2021"
Statement by White House Press Secretary Jen Psaki on President Joe Biden and Vice President Kamala Harris’ Meeting with Republican Senators,"February 01, 2021"
Statement by President Joe Biden On Black History Month,"February 01, 2021"
"Press Briefing by Press Secretary Jen Psaki, February 1, 2021","February 01, 2021"
Statement from White House Press Secretary Jen Psaki,"January 31, 2021"
Letter from President Joe Biden to the Speaker of the House of Representatives and the President of the Senate,"January 31, 2021"
"Press Briefing by Press Secretary Jen Psaki, January 29, 2021","January 29, 2021"
Statement on the 12th Anniversary of the Lilly Ledbetter Fair Pay Act,"January 29, 2021"
"Remarks by President Biden at Signing of Executive Orders Strengthening Americans’ Access to Quality, Affordable Healthcare","January 28, 2021"
Memorandum on Protecting Women’s Health at Home and Abroad,"January 28, 2021"
Executive Order on Strengthening Medicaid and the Affordable Care Act,"January 28, 2021"
Statement by NSC Spokesperson Emily Horne on National Security Advisor Jake Sullivan’s Call with Head of Cabinet Bjoern Seibert of the European Commission,"January 28, 2021"
"Press Briefing by Press Secretary Jen Psaki, Special Presidential Envoy for Climate John Kerry, and National Climate Advisor Gina McCarthy, January 27, 2021","January 27, 2021"
Readout of National Security Advisor Jake Sullivan Call with National Security Advisor Ajit Doval of India,"January 27, 2021"
Memorandum on Restoring Trust in Government Through Scientific Integrity and Evidence-Based Policymaking,"January 27, 2021"
Executive Order on the President’s Council of Advisors on Science and Technology,"January 27, 2021"
Executive Order on Tackling the Climate Crisis at Home and Abroad,"January 27, 2021"
"Readout of President Joseph R. Biden, Jr. Call with Prime Minister Yoshihide Suga of Japan","January 27, 2021"
"Statement by President Joseph R. Biden, Jr. on International Holocaust Remembrance Day","January 27, 2021"
"FACT SHEET: President Biden Takes Executive Actions to Tackle the Climate Crisis at Home and Abroad, Create Jobs, and Restore Scientific Integrity Across Federal Government","January 27, 2021"
"Press Briefing by Press Secretary Jen Psaki and Domestic Policy Advisor Susan Rice, January 26, 2021","January 26, 2021"
"Fact Sheet: President Biden Announces New Steps to Boost Vaccine Supply and Increase Transparency for States, Tribes, and Territories","January 26, 2021"
Memorandum on Redressing Our Nation’s and the Federal Government’s History of Discriminatory Housing Practices and Policies,"January 26, 2021"
Executive Order on Reforming Our Incarceration System to Eliminate the Use of Privately Operated Criminal Detention Facilities,"January 26, 2021"
Memorandum on Tribal Consultation and Strengthening Nation-to-Nation Relationships,"January 26, 2021"
"Memorandum Condemning and Combating Racism, Xenophobia, and Intolerance Against Asian Americans and Pacific Islanders in the United States","January 26, 2021"
"Readout of President Joseph R. Biden, Jr. Call with President Vladimir Putin of Russia","January 26, 2021"
"Readout of President Joseph R. Biden, Jr. Call with Secretary General Jens Stoltenberg of NATO","January 26, 2021"
"Press Briefing by Press Secretary Jen Psaki, January 25, 2021","January 25, 2021"
Executive Order on Ensuring the Future Is Made in All of America by All of America’s Workers,"January 25, 2021"
"Readout of President Joseph R. Biden, Jr. Call with Chancellor Angela Merkel of Germany","January 25, 2021"
Proclamation on the Suspension of Entry as Immigrants and Non-Immigrants of Certain Additional Persons Who Pose a Risk of Transmitting Coronavirus Disease,"January 25, 2021"
Remarks by President Biden in Signing of Executive Order Reversing the 2018 Transgender Military Ban,"January 25, 2021"
Executive Order on Enabling All Qualified Americans to Serve Their Country in Uniform,"January 25, 2021"
Fact Sheet: President Biden Signs Executive Order Enabling All Qualified Americans to Serve Their Country in Uniform,"January 25, 2021"
"President Biden to Sign Executive Order Strengthening Buy American Provisions, Ensuring Future of America is Made in America by All of America’s Workers","January 25, 2021"
Readout of President Joseph R. Biden Call with Prime Minister Boris Johnson of the United Kingdom,"January 23, 2021"
Readout of President Joe Biden Call with President Andrés Manuel López Obrador of Mexico,"January 23, 2021"
Readout of President Joe Biden Call with Prime Minister Justin Trudeau of Canada,"January 22, 2021"
Statement by NSC Spokesperson Emily Horne on National Security Advisor Jake Sullivan’s Call National Security Advisor Suh Hoon of the Republic of Korea,"January 22, 2021"
Statement of President Joe Biden on the Passing of Henry Louis “Hank” Aaron,"January 22, 2021"
Readout of Senior Administration Economic Officials’ Meeting with Small Business Leaders and Advocates,"January 22, 2021"
Remarks by President Biden on the American Rescue Plan and Signing of Executive Orders,"January 22, 2021"
Executive Order on Protecting the Federal Workforce,"January 22, 2021"
Press Briefing by Press Secretary Jen Psaki and National Economic Director Brian Deese,"January 22, 2021"
Bill Signing: H.R. 335,"January 22, 2021"
Statement from President Biden and Vice President Harris on the 48th Anniversary of Roe v. Wade,"January 22, 2021"
Fact Sheet: President Biden’s New Executive Actions Deliver Economic Relief for American Families and Businesses Amid the COVID-19 Crises,"January 22, 2021"
Talking Points: January 22 Executive Orders – Economic Relief,"January 22, 2021"
"Press Briefing by Press Secretary Jen Psaki, January 21, 2021","January 21, 2021"
Executive Order on Establishing the COVID-19 Pandemic Testing Board and Ensuring a Sustainable Public Health Workforce for COVID-19 and Other Biological Threats,"January 21, 2021"
Readout of Vice President Harris’s Call with World Health Organization Director-General Dr. Tedros Adhanom Ghebreyesus,"January 21, 2021"
Executive Order on Supporting the Reopening and Continuing Operation of Schools and Early Childhood Education Providers,"January 21, 2021"
Executive Order on Ensuring an Equitable Pandemic Response and Recovery,"January 21, 2021"
Executive Order on a Sustainable Public Health Supply Chain,"January 21, 2021"
Memorandum to Extend Federal Support to Governors’ Use of the National Guard to Respond to COVID-19 and to Increase Reimbursement and Other Assistance Provided to States,"January 21, 2021"
Executive Order on Ensuring a Data-Driven Response to COVID-19 and Future High-Consequence Public Health Threats,"January 21, 2021"
Executive Order on Improving and Expanding Access to Care and Treatments for COVID-19,"January 21, 2021"
Executive Order on Promoting COVID-19 Safety in Domestic and International Travel,"January 21, 2021"
Preserving and Fortifying Deferred Action for Childhood Arrivals (DACA),"January 20, 2021"
Pausing Federal Student Loan Payments,"January 20, 2021"
Proclamation on the Termination Of Emergency With Respect To The Southern Border Of The United States And Redirection Of Funds Diverted To Border Wall Construction ﻿,"January 20, 2021"
Executive Order on Ethics Commitments by Executive Branch Personnel,"January 20, 2021"
Modernizing Regulatory Review,"January 20, 2021"
Executive Order on Preventing and Combating Discrimination on the Basis of Gender Identity or Sexual Orientation,"January 20, 2021"
Executive Order on Protecting Public Health and the Environment and Restoring Science to Tackle the Climate Crisis,"January 20, 2021"
Executive Order on Ensuring a Lawful and Accurate Enumeration and Apportionment Pursuant to the Decennial Census,"January 20, 2021"
Executive Order on Revocation of Certain Executive Orders Concerning Federal Regulation,"January 20, 2021"
Executive Order on Organizing and Mobilizing the United States Government to Provide a Unified and Effective Response to Combat COVID-19 and to Provide United States Leadership on Global Health and Security,"January 20, 2021"
Executive Order on Protecting the Federal Workforce and Requiring Mask-Wearing,"January 20, 2021"
Proclamation on Ending Discriminatory Bans on Entry to The United States,"January 20, 2021"
Executive Order On Advancing Racial Equity and Support for Underserved Communities Through the Federal Government,"January 20, 2021"
President Joe Biden Announces Acting Federal Agency Leadership,"January 20, 2021"
"Press Briefing by Press Secretary Jen Psaki, January 20, 2021","January 20, 2021"
Paris Climate Agreement,"January 20, 2021"
President Biden Announces American Rescue Plan,"January 20, 2021"
